"Lift Power, Inc","1500 Jimmy DeLoach Parkway, Ste 100 Pooler, GA 31322","912-447-9500",https://liftpower.com/
"Southeast Industrial Equipment","512 Bourne Avenue, Garden City GA 31408","912‐965‐9191 / 866-696-9125",https://sielift.com/
"Columbus Lift Service, Inc.","2815 Harley Court Columbus GA 31909","706-568-6313 / 877-507-6385",http://www.columbusliftservice.com/
"Lift Power, Inc.","6801 Suemac Place, Jacksonville FL 32254","904-783-0250",http://www.liftpower.com/
"Doosan Material Handling Solutions","5635 Gwaltney Drive Atlanta GA 30336","770-941-0239",http://www.doosanmhs.com/
"Doosan Material Handling Solutions","2475 Mill Center Parkway, Buford, GA, USA","678-745-2230",http://www.doosanmhs.com/
"Atlantic Forklift Service","1009-B Ferguson Street, Columbia SC 29205","803-714-3330 / (803) 677-1216",http://www.atlanticforkliftservices.com/
"Southeast Industrial Equipment","9861 Highway 78, Ladson SC 29456","843-552-4825 / 866-696-9125",https://sielift.com/
"Atlantic Forklift Service","2355 Highway 101 South, Suite Greer SC 29651","864-479-1555 / (864) 499-8288",http://www.atlanticforkliftservices.com/
"BTL America LLC","2776 Gunter Park Drive, Unit E Montgomery, AL 36109","706-298-6492 / 334-707-5329",""
"KOAM Maintenance, LLC","4520 Selma Hwy Montgomery, AL 36108","334-744-3660",http://www.koammaint.com/
"Lift Power, Inc","303 Southeast 17th Street Ocala, FL 34471","352-369-5000",http://www.liftpower.com/
"Industrial LIft Truck dba Action Material Handling","1259 Hooker Road, Chattanooga TN 37407","423-867-3333",http://www.action-material-handling.com/
"Atlantic Forklift Services, LLC","5509 David Cox Road, Charlotte NC 28269","704-816-8960",https://www.atlanticforkliftservices.com/
"JAMCO Inc.","3800 Enterprise Way, Suite 1110 Sanford FL 32771","866-848-5400",http://www.jamco1.com/