"Union City Forklift, Inc.","2311 North 5th Street, Forklift Ctiy TN 38261","731-885-6900 / N/A",http://www.liftprousa.com/
"Hugg & Hall Equipment","2828 Quality Way, Jonesboro AR 72401","870-931-1262 / 888-340-6808",http://www.hugghall.com/
"A D Lift Truck","5434 Natural Bridge Ave St. Louis, MO 63120","314.389.1700",http://adlifttruck.com/
"Union City Forklift, Inc.","4056 Homewood Road, Memphis TN 38118","901-377-3330 / N/A",http://www.liftprousa.com/
"JJ Connell Co.","5930 North Hanley, Springfield MO 63134","314-522-6099 / 888-522-6099",http://www.jjconnellco.com/
"JJ Connell Co.","JJ CONNELL CO. 5930 North Hanley St. Louis MO 63134","314-522-6099",http://www.jjconnellco.com/
"Forklift Systems, Incorporated","884 Elm Hill Pike, Nashville TN 37210","615-255-6321 / 800-752-1882",http://www.forkliftsystems.com/
"Delta Materials Handling, Inc.","1984 McCullough Blvd Tupelo, MS 38801","662-844-5766",http://www.deltamat.com/Tupelo
"Lift Service Inc.","Lift Service Inc. 1110 Hwy. 20 Tuscumbia AL 35674","256-381-0021",https://liftserviceinc.com/
"JJ Connell Co.","3015 N. Lester Jones Ave. Springfield, MO 65803","888-522-6099",http://www.jjconnellco.com/
"Hugg & Hall Equipment","7201 Scott Hamilton Dr., Little Rock AR 72209","501-562-1262 / 888-340-6808",http://www.hugghall.com/
"Bohnert Equipment Co.","1010 South 9th Street Louisville KY 40203","502-584-3391",http://www.bohnert.com/
"Forklift Systems, Incorporated","4300 Chef's Way Louisville KY 40218","502-654-8999",http://www.forkliftsystems.com/
"Hugg & Hall Equipment","331 Agnes Drive, Springdale AR 76762","479-361-1262 / 888-340-6808",http://www.hugghall.com/
"Burke Handling Systems","4286 Highway 69 South, Columbus MS 39704","662-327-6000 / 800-870-6005",http://www.burkehandling.com/