"Dillon Toyota Lift","Dillon Toyota Lift 1905 Madison Ave. Nampa ID 83687","208-466-8994 / 800-327-7741",http://www.dillontoyotalift.com/
"Dillon Toyota Lift","Dillon Toyota Lift 2354 Eldridge Ave. Twin Falls ID 83301","208-466-8994 / 800-327-7741",http://www.dillontoyotalift.com/
"C & B Operations LLC (Blackfoot)","1102 W BRIDGE STREET BLACKFOOT ID 83221","208-785-0520 / 800-782-0520",https://deerequipment.com/
"Pro Rentals & Sales","402 E Anderson St Idaho Falls, ID 83401","208-529-5570",https://www.prorentalsandsales.com/
"C & B Operations LLC (Idaho Falls)","2105 E INDUSTRIAL BLVD IDAHO FALLS ID 84301","208-522-6372 / 888-210-7235",https://deerequipment.com/
"C & B Operations LLC (Rexburg)","1247 S 12TH W REXBURG ID 83440","208-356-5414 / 888-210-7993",https://deerequipment.com/
"Norlift of Spokane - Missoula","Norlift of Missoula Unit 13, Railroad St. W, Missoula MT 59808","888-258-5813",https://www.norlift.com/
"Mid Columbia Forklift","2605 N. Commercial Ave. Pasco WA 99301","509-547-7413 / 866-380-0383",http://www.midcolumbiaforklift.com/
"Dillon Toyota Lift","Dillon Toyota Lift 2640 California Ave. Salt Lake City UT 84104","801-972-1930 / 800-624-2729",http://www.dillontoyotalift.com/
"Norlift of Spokane","Norlift of Spokane 512 N. Fancher Spokane WA 99212","509-413-0166",https://www.norlift.com/
"C & B Operations LLC (Powell)","1025 W COULTER POWELL WY 82435","307-754-5123 / 800-343-5702",https://deerequipment.com/