"Big River Equipment Co., Inc.","5875 State Street, Bettendorf IA 52722","563-359-9600 / 800-747-7771",http://www.bigriverequipment.com/
"Illinois Material Handling","Illinois Material Handling 490 W North Frontage Rd Bolingbrook IL 60440","630-754-4440",http://www.wisconsinlift.com/
"JJ Connell Co.","5930 North Hanley, Springfield MO 63134","314-522-6099 / 888-522-6099",http://www.jjconnellco.com/
"JJ Connell Co.","JJ CONNELL CO. 5930 North Hanley St. Louis MO 63134","314-522-6099",http://www.jjconnellco.com/
"A D Lift Truck","5434 Natural Bridge Ave St. Louis, MO 63120","314.389.1700",http://adlifttruck.com/
"Big River Equipment Co., Inc.","1520 Stamy Road, Hiawatha IA 52233","319-395-9003 / 800-747-7771",http://www.bigriverequipment.com/
"Wisconsin Lift Truck Corporation","6003 FEMRITE DR #1, Madison WI 53718","608-221-3881",""
"Morrison Industrial Equipment, Co","2505 North Foundation Drive, South Bend IN 46628","574-287-4290 / 800-968-5004",http://www.morrison-ind.com/
"Wisconsin Lift Truck Corporation","3125 Intertech Drive, Brookfield WI 53045","262-781-8010",http://www.wisconsinlift.com/
"Kensar Equipment Company (Div. of Wisconsin Lift Truck)","820 South Post Road Indianapolis, IN 46239","262-781-8011",http://www.kensar.com/
"Morrison Industrial Equipment, Co","2988 Paul Drive, Elkhart IN 46514","574-264-3699 / 800-968-5004",http://www.morrison-ind.com/
"Big River Equipment Co., Inc.","2950 W. Airline Highway, Waterloo IA 50703","319-235-6741 / 800-747-7771",http://www.bigriverequipment.com/
"Wisconsin Lift Truck Corporation","NORTH 6993 ROLLING MEADOWS DR., Fon du Lac, 54937","800-634-9010",""
"Morrison Industrial Equipment, Co","3303 Windquest Drive, Holland MI 49424","616-786-9800 / 800-968-5004",http://www.morrison-ind.com/
"Morrison Industrial Equipment, Co","3510 Miller Road, Kalamazoo MI 49001","269-381-7490 / 800-968-5004",http://www.morrison-ind.com/