"Anderson Forklift, Inc.","475 Moore Lane, Billings, MT 59101","406- 248-6866",https://andersonforkliftinc.com/
"C & B Operations LLC (Signature Fuel)","5115 MIDLAND RD. BILLINGS MT 59301","406-255-0858",https://deerequipment.com/
"C & B Operations LLC (Billings)","5121 MIDLAND RD BILLINGS MT 59101","406-248-7787 / 800-823-9242",https://deerequipment.com/
"C & B Operations LLC (Powell)","1025 W COULTER POWELL WY 82435","307-754-5123 / 800-343-5702",https://deerequipment.com/
"Norlift of Spokane - Missoula","Norlift of Missoula Unit 13, Railroad St. W, Missoula MT 59808","888-258-5813",https://www.norlift.com/
"C & B Operations LLC (Glasgow)","54272 HWY 2 EAST GLASGOW MT 59230","406-228-2496 / 800-428-2496",https://deerequipment.com/
"Cervus Equipment","774 - 15 St. SW Medicine Hat, AB T1A 4W6","403-527-5563",http://www.cervusequipment.com/
"C & B Operations LLC (Miles City)","2514 HAYNES AVE S MILES CITY MT 59301","406-232-3211 / 800-828-2378",https://deerequipment.com/
"C & B Operations LLC (Sheridan)","2491 HEARTLAND DR SHERIDAN WY 82801","307-673-4624 / 888-509-4624",https://deerequipment.com/
"C & B Operations LLC (Rexburg)","1247 S 12TH W REXBURG ID 83440","208-356-5414 / 888-210-7993",https://deerequipment.com/
"Cervus Equipment","935A 36 Street North, Lethbridge AB T1H 6L5","403-327-4611 / N/A",http://www.cervusequipment.com/
"C & B Operations LLC (Circle)","705 B AVENUE CIRCLE MT 59215","406-485-2145",https://deerequipment.com/
"C & B Operations LLC (Idaho Falls)","2105 E INDUSTRIAL BLVD IDAHO FALLS ID 84301","208-522-6372 / 888-210-7235",https://deerequipment.com/
"Pro Rentals & Sales","402 E Anderson St Idaho Falls, ID 83401","208-529-5570",https://www.prorentalsandsales.com/
"C & B Operations LLC (Glendive)","1711 WEST TOWNE GLENDIVE MT 59330","406-377-2533",https://deerequipment.com/