"C & B Operations LLC (Wagner)","39660 SD HWY 46 WAGNER SD 57380","605-384-4580 / 888-384-4580",https://deerequipment.com/
"C & B Operations LLC (Platte)","11 E 6th ST PLATTE SD 57469","605-337-2661",https://deerequipment.com/
"C & B Operations LLC (Corsica)","525 S HWY 281 CORSICA SD 57328","605-946-5444 / 800-952-2315",https://deerequipment.com/
"C & B Operations LLC (Chamberlain)","1300 EAST KING AVE CHAMBERLAIN SD 57325","605-234-5538",https://deerequipment.com/
"C & B Operations LLC (Yankton - HQ)","2200 E HWY 50 YANKTON SD 57078","605-665-3762 / 800-952-2424",https://deerequipment.com/
"C & B Operations LLC (Parkston)","1109 S HWY 37 PARKSTON SD 57366","605-928-3325",https://deerequipment.com/
"C & B Operations LLC (Mitchell)","2600 WEST HAVENS MITCHELL SD 57301","605-996-6633 / 800-952-2362",https://deerequipment.com/
"C & B Operations LLC (Freeman)","615 N HWY 81 FREEMAN SD 57029","605-925-4241 / 800-251-6912",https://deerequipment.com/
"Van Wall Lift Truck","13747 Industrial Road, Omaha NE 68137","866-891-1024",http://www.vanwalllift.com/
"C & B Operations LLC (Miller)","1810 N BROADWAY AVE MILLER SD 57362","605-853-2482 / 800-658-3658",https://deerequipment.com/
"C & B Operations LLC (Gettysburg)","30965 US HWY 212 GETTYSBURG SD 57442","605-765-2434 / 800-333-3658",https://deerequipment.com/
"C & B Operations LLC (Roscoe)","602 W MERRILL AVE ROSCOE SD 57471","605-287-4281 / 800-592-1822",https://deerequipment.com/
"C & B Operations LLC (Selby)","2408 MAIN ST SELBY SD 57472","605-649-7665 / 800-658-3634",https://deerequipment.com/
"FMH Material Handling Solutions, Inc.","4105 Globeville Road, Denver CO 80216","303-292-5438 / 800-451-6749",http://www.fmhsolutions.com/
"Lift Truck Center, Inc.","4000 W. 33rd Circle South, Wichita KS 67217","316-942-7465",http://www.ltcenter.com/