"Best Line Equipment","140 Hawbaker Industrial Drive, State College PA 16803","814-237-9050 / 800-792-0635",http://www.bestline.com/
"Best Line Equipment","5120 East Trindle Road, Mechanicsburg PA 17050","800-577-7115",http://www.bestline.com/
"Best Line Equipment","1315 Hausman Road, Allentown PA 18104","484-223-3814 / 866-573-5559",http://www.bestline.com/
"Toyotalift NE","820 Phillips Rd Victor NY 14564","585-742-2150",http://www.toyotaliftne.com/
"Prolift Inc.","111 Holleder Parkway, Rochester NY 14615","585-254-4950 / 888-474-0149",http://www.proliftinc.com/
"Certified Lift Specialists Inc","4522 State Route 136, Greensburg, PA, 15601, US","724-830-9972 / N/A",https://clsforklift.com/
"Delaware Valley Lift Trucks Inc.","1311 Ford Road, Bensalem PA 19020","215-447-0000 / 888-706-5070",http://www.dvlift.com/
"Mullen Industrial Handling Corporation","6245 Fly Road, Handling East Syracuse NY 13057","315-437-3386 / N/A",http://www.mullenindustrial.com/
"Toyotalift NE","1000 Taylors Lane, Unit 6 NJ 08077","856-303-0235",http://www.toyotaliftne.com/
"Prolift Inc.","1835 Dale Road, Buffalo NY 14225","716-895-8600 / 888-474-0149",http://www.proliftinc.com/
"Alliance Material Handling, Inc.","8320 Sherwick Court, Jessup MD 20794","301-497-2600 / 866-264-5438",http://www.alliancemat.com/
"Langer Material Handling, Inc.","100 Industrial Drive West, Valencia PA 16059","724-898-2000",http://www.langermhi.com/
"Liftec, Inc.","124 Sylvania Place, Plainfield NJ 07080","908-769-0034",http://www.liftec.com/
"A. J. Jersey Inc.","125 St Nicolas Ave, South Plainfield NJ 07080","908-754-7333",http://www.ajjersey.net/
"Alliance Material Handling, Inc.","161 Industrial Drive, Winchester VA 22602","866 264 5438 / 540-868-4180",http://www.alliancemat.com/