"Forklift Systems, Incorporated","884 Elm Hill Pike, Nashville TN 37210","615-255-6321 / 800-752-1882",http://www.forkliftsystems.com/
"Industrial LIft Truck dba Action Material Handling","1259 Hooker Road, Chattanooga TN 37407","423-867-3333",http://www.action-material-handling.com/
"Industrial Lift Truck","464 Rock Quarry Road, Soddy-Daisy, TN, USA","423-867-3333",""
"Lift Service Inc.","Lift Service Inc. 1110 Hwy. 20 Tuscumbia AL 35674","256-381-0021",https://liftserviceinc.com/
"Material Handling, Inc","4709 Middle Creek Lane Knoxville TN 37921","865-281-1500",http://www.mhiusa.net/
"Delta Materials Handling, Inc.","1984 McCullough Blvd Tupelo, MS 38801","662-844-5766",http://www.deltamat.com/Tupelo
"Union City Forklift, Inc.","2311 North 5th Street, Forklift Ctiy TN 38261","731-885-6900 / N/A",http://www.liftprousa.com/
"Doosan Material Handling Solutions","5635 Gwaltney Drive Atlanta GA 30336","770-941-0239",http://www.doosanmhs.com/
"Burke Handling Systems","4286 Highway 69 South, Columbus MS 39704","662-327-6000 / 800-870-6005",http://www.burkehandling.com/
"Doosan Material Handling Solutions","2475 Mill Center Parkway, Buford, GA, USA","678-745-2230",http://www.doosanmhs.com/
"Forklift Systems, Incorporated","4300 Chef's Way Louisville KY 40218","502-654-8999",http://www.forkliftsystems.com/
"Union City Forklift, Inc.","4056 Homewood Road, Memphis TN 38118","901-377-3330 / N/A",http://www.liftprousa.com/
"Bohnert Equipment Co.","1010 South 9th Street Louisville KY 40203","502-584-3391",http://www.bohnert.com/
"BTL America LLC","2776 Gunter Park Drive, Unit E Montgomery, AL 36109","706-298-6492 / 334-707-5329",""
"KOAM Maintenance, LLC","4520 Selma Hwy Montgomery, AL 36108","334-744-3660",http://www.koammaint.com/