"SecurLift (Reparacion)","1005 Industrial Boulevard Farnham QC J2N 2X3","450-337-1463",https://securlift.ca/en/
"Ryder Material Handling","3430 Griffith Street Montreal QC H4T1A7","514-342-3471 / 877-877-8423",http://www.rydermaterialhandling.com/
"W.D. Matthews Machinery","309 Sheep Davis Road Concord NH 03301","603-225-1171",https://www.wdmatthews.com/
"W.D. Matthews Machinery","901 Center Street Auburn ME 04210","207-784-9311",https://www.wdmatthews.com/
"Hansler Industries, Ltd.","580 King Street West Brockville, ON K6V 5T3","613-342-4450",http://www.hansler.ca/
"Ryder Material Handling","North Gate Plaza, Highway 29 Brockville ON K6V6E6","613-342-9268",http://www.rydermaterialhandling.com/
"Hansler Industries, Ltd.","2900 Old Sheffield Rd Unit # 8 Ottawa, Ontario K1B 1A4","613-736-8855",http://www.hansler.ca/
"Ryder Material Handling","2188 Thurston Drive Ottawa ON K1G4V4","613-739-1484 / 800-268-2125",http://www.rydermaterialhandling.com/
"W.D. Matthews Machinery","W.D. Matthews Machinery 297 Hartford Turnpike Shrewsbury MA 1545","508-798-3411",https://www.wdmatthews.com/
"Ryder Material Handling","125 Rue Fortin, Quebec City, QC G1M 3M2","418-767-2277 / 877-877-8423",http://www.rydermaterialhandling.com/
"Lift Truck Parts & Service","20 Parkside Drive, West Springfield MA 01089","866-436-7967",http://lifttruckmass.com/
"Lift Truck Parts & Service II","140 Manley Street Brockton, MA 02301","(508) 313-5600",https://www.facebook.com/lifttruckmass/
"Mullen Industrial Handling Corporation","6245 Fly Road, Handling East Syracuse NY 13057","315-437-3386 / N/A",http://www.mullenindustrial.com/
"Summit Handling Systems","39 Murphy Road North Franklin, CT 06254","860-642-4377",https://www.summithandling.com/?utm_source=Doosan&utm_medium=Dealer%20Locator&utm_campaign=Dealer%20Locator
"Summit Handling Systems","11 Defco Park Road North Haven, CT 06473","203-239-5351",https://www.summithandling.com/?utm_source=Doosan&utm_medium=Dealer%20Locator&utm_campaign=Dealer%20Locator